{
	"credit": "Made with Blockbench",
	"parent": "crossbow",
	"textures": {
		"0": "1",
		"1": "2",
		"2": "3",
		"3": "4",
		"4": "5",
		"5": "6",
		"6": "7",
		"particle": "1"
	},
	"elements": [
		{
			"name": "Rail",
			"from": [7.5, 3, -2],
			"to": [8.5, 4, 9],
			"faces": {
				"north": {"uv": [0, 0, 2, 12], "texture": "#2"},
				"east": {"uv": [0, 0, 2, 12], "texture": "#2"},
				"south": {"uv": [0, 0, 2, 12], "texture": "#2"},
				"west": {"uv": [0, 0, 2, 12], "texture": "#2"},
				"up": {"uv": [0, 0, 2, 12], "texture": "#2"},
				"down": {"uv": [0, 0, 2, 12], "texture": "#2"}
			}
		},
		{
			"name": "butt_1",
			"from": [7.3, 0.5, 10],
			"to": [8.7, 1.5, 15.5],
			"faces": {
				"north": {"uv": [0, 0, 3, 8], "texture": "#0"},
				"east": {"uv": [0, 0, 3, 8], "texture": "#0"},
				"south": {"uv": [0, 0, 3, 8], "texture": "#0"},
				"west": {"uv": [0, 0, 3, 8], "texture": "#0"},
				"up": {"uv": [0, 0, 3, 8], "texture": "#0"},
				"down": {"uv": [0, 0, 3, 8], "texture": "#0"}
			}
		},
		{
			"name": "butt_2",
			"from": [7.3, 3, 9],
			"to": [8.7, 4, 15.5],
			"faces": {
				"north": {"uv": [0, 0, 4, 9], "texture": "#0"},
				"east": {"uv": [0, 0, 4, 9], "texture": "#0"},
				"south": {"uv": [0, 0, 4, 9], "texture": "#0"},
				"west": {"uv": [0, 0, 4, 9], "texture": "#0"},
				"up": {"uv": [0, 0, 4, 9], "texture": "#0"},
				"down": {"uv": [0, 0, 4, 9], "texture": "#0"}
			}
		},
		{
			"name": "butt_3",
			"from": [7.5, 1, 14.5],
			"to": [8.5, 3, 15.5],
			"faces": {
				"north": {"uv": [0, 0, 3, 3], "texture": "#0"},
				"east": {"uv": [0, 0, 3, 3], "texture": "#0"},
				"south": {"uv": [0, 0, 3, 3], "texture": "#0"},
				"west": {"uv": [0, 0, 3, 3], "texture": "#0"},
				"up": {"uv": [0, 0, 3, 3], "texture": "#0"},
				"down": {"uv": [0, 0, 3, 3], "texture": "#0"}
			}
		},
		{
			"name": "butt_3",
			"from": [7.5, -3.1, 9.7],
			"to": [8.5, -0.1, 10.7],
			"rotation": {"angle": -22.5, "axis": "x", "origin": [0, 0, 0]},
			"faces": {
				"north": {"uv": [0, 0, 3, 3], "texture": "#0"},
				"east": {"uv": [0, 0, 3, 3], "texture": "#0"},
				"south": {"uv": [0, 0, 3, 3], "texture": "#0"},
				"west": {"uv": [0, 0, 3, 3], "texture": "#0"},
				"up": {"uv": [0, 0, 3, 3], "texture": "#0"},
				"down": {"uv": [0, 0, 3, 3], "texture": "#0"}
			}
		},
		{
			"name": "butt_4",
			"from": [7.2, 0.4, 15],
			"to": [8.8, 4.1, 16],
			"faces": {
				"north": {"uv": [0, 0, 5, 4], "texture": "#1"},
				"east": {"uv": [0, 0, 5, 4], "texture": "#1"},
				"south": {"uv": [0, 0, 5, 4], "texture": "#1"},
				"west": {"uv": [0, 0, 5, 4], "texture": "#1"},
				"up": {"uv": [0, 0, 5, 4], "texture": "#1"},
				"down": {"uv": [0, 0, 5, 4], "texture": "#1"}
			}
		},
		{
			"name": "trigger_1",
			"from": [7.7, 2.5, 8.1],
			"to": [8.3, 3, 8.6],
			"faces": {
				"north": {"uv": [3, 12, 3.6, 12.5], "texture": "#3"},
				"east": {"uv": [3, 12, 3.6, 12.5], "texture": "#3"},
				"south": {"uv": [3, 12, 3.6, 12.5], "texture": "#3"},
				"west": {"uv": [3, 12, 3.6, 12.5], "texture": "#3"},
				"up": {"uv": [3, 12, 3.6, 12.5], "texture": "#3"},
				"down": {"uv": [3, 12, 3.6, 12.5], "texture": "#3"}
			}
		},
		{
			"name": "trigger_2",
			"from": [7.8, 4.9, 6.6],
			"to": [8.2, 5.6, 7],
			"rotation": {"angle": 22.5, "axis": "x", "origin": [0, 0, 0]},
			"faces": {
				"north": {"uv": [3, 12, 3.6, 12.5], "texture": "#3"},
				"east": {"uv": [3, 12, 3.6, 12.5], "texture": "#3"},
				"south": {"uv": [3, 12, 3.6, 12.5], "texture": "#3"},
				"west": {"uv": [3, 12, 3.6, 12.5], "texture": "#3"},
				"up": {"uv": [3, 12, 3.6, 12.5], "texture": "#3"},
				"down": {"uv": [3, 12, 3.6, 12.5], "texture": "#3"}
			}
		},
		{
			"name": "trigger_3",
			"from": [7.5, 4, 6.5],
			"to": [8.5, 4.5, 9],
			"faces": {
				"north": {"uv": [3, 12, 3.6, 12.5], "texture": "#3"},
				"east": {"uv": [3, 12, 3.6, 12.5], "texture": "#3"},
				"south": {"uv": [3, 12, 3.6, 12.5], "texture": "#3"},
				"west": {"uv": [3, 12, 3.6, 12.5], "texture": "#3"},
				"up": {"uv": [3, 12, 3.6, 12.5], "texture": "#3"},
				"down": {"uv": [3, 12, 3.6, 12.5], "texture": "#3"}
			}
		},
		{
			"name": "trigger_4",
			"from": [7.55, 6.97, 1.42],
			"to": [8.45, 7.77, 1.92],
			"rotation": {"angle": 45, "axis": "x", "origin": [0, 0, 0]},
			"faces": {
				"north": {"uv": [3, 12, 3.6, 12.5], "texture": "#3"},
				"east": {"uv": [3, 12, 3.6, 12.5], "texture": "#3"},
				"south": {"uv": [3, 12, 3.6, 12.5], "texture": "#3"},
				"west": {"uv": [3, 12, 3.6, 12.5], "texture": "#3"},
				"up": {"uv": [3, 12, 3.6, 12.5], "texture": "#3"},
				"down": {"uv": [3, 12, 3.6, 12.5], "texture": "#3"}
			}
		},
		{
			"name": "forend",
			"from": [7.3, 2.5, 0],
			"to": [8.7, 3.5, 4],
			"faces": {
				"north": {"uv": [0, 0, 12, 4], "texture": "#1"},
				"east": {"uv": [0, 0, 12, 4], "texture": "#1"},
				"south": {"uv": [0, 0, 12, 4], "texture": "#1"},
				"west": {"uv": [0, 0, 12, 4], "texture": "#1"},
				"up": {"uv": [0, 0, 12, 4], "texture": "#1"},
				"down": {"uv": [0, 0, 12, 4], "texture": "#1"}
			}
		},
		{
			"name": "shoulder_root",
			"from": [6, 2.9, -0.3],
			"to": [10, 4.1, 0],
			"faces": {
				"north": {"uv": [15, 9, 16, 14], "texture": "#2"},
				"east": {"uv": [15, 9, 16, 14], "texture": "#2"},
				"south": {"uv": [15, 9, 16, 14], "texture": "#2"},
				"west": {"uv": [15, 9, 16, 14], "texture": "#2"},
				"up": {"uv": [15, 9, 16, 14], "texture": "#2"},
				"down": {"uv": [15, 9, 16, 14], "texture": "#2"}
			}
		},
		{
			"name": "shoulder_left",
			"from": [0.65, 2.95, 2],
			"to": [5.65, 4.05, 2.3],
			"rotation": {"angle": 22.5, "axis": "y", "origin": [0, 0, 0]},
			"faces": {
				"north": {"uv": [15, 9, 16, 14], "texture": "#2"},
				"east": {"uv": [15, 9, 16, 14], "texture": "#2"},
				"south": {"uv": [15, 9, 16, 14], "texture": "#2"},
				"west": {"uv": [15, 9, 16, 14], "texture": "#2"},
				"up": {"uv": [15, 9, 16, 14], "texture": "#2"},
				"down": {"uv": [15, 9, 16, 14], "texture": "#2"}
			}
		},
		{
			"name": "shoulder_right",
			"from": [9.1, 2.95, -4.1],
			"to": [14.1, 4.05, -3.8],
			"rotation": {"angle": -22.5, "axis": "y", "origin": [0, 0, 0]},
			"faces": {
				"north": {"uv": [15, 9, 16, 14], "texture": "#2"},
				"east": {"uv": [15, 9, 16, 14], "texture": "#2"},
				"south": {"uv": [15, 9, 16, 14], "texture": "#2"},
				"west": {"uv": [15, 9, 16, 14], "texture": "#2"},
				"up": {"uv": [15, 9, 16, 14], "texture": "#2"},
				"down": {"uv": [15, 9, 16, 14], "texture": "#2"}
			}
		},
		{
			"name": "shoulder_left_end",
			"from": [-1.15, 3, 2.1],
			"to": [-0.15, 4, 2.4],
			"rotation": {"angle": 45, "axis": "y", "origin": [0, 0, 0]},
			"faces": {
				"north": {"uv": [15, 9, 16, 14], "texture": "#2"},
				"east": {"uv": [15, 9, 16, 14], "texture": "#2"},
				"south": {"uv": [15, 9, 16, 14], "texture": "#2"},
				"west": {"uv": [15, 9, 16, 14], "texture": "#2"},
				"up": {"uv": [15, 9, 16, 14], "texture": "#2"},
				"down": {"uv": [15, 9, 16, 14], "texture": "#2"}
			}
		},
		{
			"name": "shoulder_right_end",
			"from": [11.45, 3, -9.18],
			"to": [12.45, 4, -8.88],
			"rotation": {"angle": -45, "axis": "y", "origin": [0, 0, 0]},
			"faces": {
				"north": {"uv": [15, 9, 16, 14], "texture": "#2"},
				"east": {"uv": [15, 9, 16, 14], "texture": "#2"},
				"south": {"uv": [15, 9, 16, 14], "texture": "#2"},
				"west": {"uv": [15, 9, 16, 14], "texture": "#2"},
				"up": {"uv": [15, 9, 16, 14], "texture": "#2"},
				"down": {"uv": [15, 9, 16, 14], "texture": "#2"}
			}
		},
		{
			"name": "scope_handler_1",
			"from": [8, 4, 7],
			"to": [8.8, 4.8, 7.6],
			"faces": {
				"north": {"uv": [0, 0, 7, 7], "texture": "#6"},
				"east": {"uv": [0, 0, 7, 7], "texture": "#6"},
				"south": {"uv": [0, 0, 7, 7], "texture": "#6"},
				"west": {"uv": [0, 0, 7, 7], "texture": "#6"},
				"up": {"uv": [0, 0, 7, 7], "texture": "#6"},
				"down": {"uv": [0, 0, 7, 7], "texture": "#6"}
			}
		},
		{
			"name": "scope_handler_2",
			"from": [6, 7.1, 7.1],
			"to": [6.4, 8.3, 7.5],
			"rotation": {"angle": -22.5, "axis": "z", "origin": [0, 0, 0]},
			"faces": {
				"north": {"uv": [0, 0, 3, 6], "texture": "#6"},
				"east": {"uv": [0, 0, 3, 6], "texture": "#6"},
				"south": {"uv": [0, 0, 3, 6], "texture": "#6"},
				"west": {"uv": [0, 0, 3, 6], "texture": "#6"},
				"up": {"uv": [0, 0, 3, 6], "texture": "#6"},
				"down": {"uv": [0, 0, 3, 6], "texture": "#6"}
			}
		},
		{
			"name": "scope_handler_3",
			"from": [10, 1.35, 7.15],
			"to": [10.4, 2.25, 7.45],
			"rotation": {"angle": 22.5, "axis": "z", "origin": [0, 0, 0]},
			"faces": {
				"north": {"uv": [0, 0, 6, 2], "rotation": 90, "texture": "#6"},
				"east": {"uv": [0, 0, 6, 2], "rotation": 90, "texture": "#6"},
				"south": {"uv": [0, 0, 6, 2], "rotation": 90, "texture": "#6"},
				"west": {"uv": [0, 0, 6, 2], "rotation": 90, "texture": "#6"},
				"up": {"uv": [0, 0, 6, 2], "rotation": 90, "texture": "#6"},
				"down": {"uv": [0, 0, 6, 2], "rotation": 90, "texture": "#6"}
			}
		},
		{
			"name": "scope_handler_4",
			"from": [7.4, 4.9, 7],
			"to": [8.6, 5, 7.6],
			"faces": {
				"north": {"uv": [0, 0, 10, 2], "texture": "#6"},
				"east": {"uv": [0, 0, 10, 2], "texture": "#6"},
				"south": {"uv": [0, 0, 10, 2], "texture": "#6"},
				"west": {"uv": [0, 0, 10, 2], "texture": "#6"},
				"up": {"uv": [0, 0, 10, 2], "texture": "#6"},
				"down": {"uv": [0, 0, 10, 2], "texture": "#6"}
			}
		},
		{
			"name": "scope_handler_5",
			"from": [7.4, 6, 7],
			"to": [8.6, 6.1, 7.6],
			"faces": {
				"north": {"uv": [0, 0, 10, 2], "texture": "#6"},
				"east": {"uv": [0, 0, 10, 2], "texture": "#6"},
				"south": {"uv": [0, 0, 10, 2], "texture": "#6"},
				"west": {"uv": [0, 0, 10, 2], "texture": "#6"},
				"up": {"uv": [0, 0, 10, 2], "texture": "#6"},
				"down": {"uv": [0, 0, 10, 2], "texture": "#6"}
			}
		},
		{
			"name": "scope_handler_6",
			"from": [7.4, 5, 7],
			"to": [7.5, 6, 7.6],
			"faces": {
				"north": {"uv": [0, 0, 2, 10], "texture": "#6"},
				"east": {"uv": [0, 0, 2, 10], "texture": "#6"},
				"south": {"uv": [0, 0, 2, 10], "texture": "#6"},
				"west": {"uv": [0, 0, 2, 10], "texture": "#6"},
				"up": {"uv": [0, 0, 2, 10], "texture": "#6"},
				"down": {"uv": [0, 0, 2, 10], "texture": "#6"}
			}
		},
		{
			"name": "scope_handler_7",
			"from": [8.5, 5, 7],
			"to": [8.6, 6, 7.6],
			"faces": {
				"north": {"uv": [0, 0, 0.1, 1], "texture": "#6"},
				"east": {"uv": [0, 0, 0.1, 1], "texture": "#6"},
				"south": {"uv": [0, 0, 0.1, 1], "texture": "#6"},
				"west": {"uv": [0, 0, 0.1, 1], "texture": "#6"},
				"up": {"uv": [0, 0, 0.1, 1], "texture": "#6"},
				"down": {"uv": [0, 0, 0.1, 1], "texture": "#6"}
			}
		},
		{
			"name": "scope_handler_6",
			"from": [7.4, 5, 7],
			"to": [7.5, 6, 7.6],
			"faces": {
				"north": {"uv": [0, 0, 2, 10], "texture": "#6"},
				"east": {"uv": [0, 0, 2, 10], "texture": "#6"},
				"south": {"uv": [0, 0, 2, 10], "texture": "#6"},
				"west": {"uv": [0, 0, 2, 10], "texture": "#6"},
				"up": {"uv": [0, 0, 2, 10], "texture": "#6"},
				"down": {"uv": [0, 0, 2, 10], "texture": "#6"}
			}
		},
		{
			"name": "scope_1",
			"from": [7.5, 5, 4],
			"to": [8.5, 5.1, 8],
			"faces": {
				"north": {"uv": [0, 0, 1, 0.1], "texture": "#6"},
				"east": {"uv": [0, 0, 1, 0.1], "texture": "#6"},
				"south": {"uv": [0, 0, 1, 0.1], "texture": "#6"},
				"west": {"uv": [0, 0, 1, 0.1], "texture": "#6"},
				"up": {"uv": [0, 0, 1, 0.1], "texture": "#6"},
				"down": {"uv": [0, 0, 1, 0.1], "texture": "#6"}
			}
		},
		{
			"name": "scope_2",
			"from": [7.5, 5.9, 4],
			"to": [8.5, 6, 8],
			"faces": {
				"north": {"uv": [0, 0, 1, 0.1], "texture": "#6"},
				"east": {"uv": [0, 0, 1, 0.1], "texture": "#6"},
				"south": {"uv": [0, 0, 1, 0.1], "texture": "#6"},
				"west": {"uv": [0, 0, 1, 0.1], "texture": "#6"},
				"up": {"uv": [0, 0, 1, 0.1], "texture": "#6"},
				"down": {"uv": [0, 0, 1, 0.1], "texture": "#6"}
			}
		},
		{
			"name": "scope_3",
			"from": [7.5, 5.1, 4],
			"to": [7.6, 5.9, 8],
			"faces": {
				"north": {"uv": [0, 0, 4, 0.8], "texture": "#6"},
				"east": {"uv": [0, 0, 4, 0.8], "texture": "#6"},
				"south": {"uv": [0, 0, 4, 0.8], "texture": "#6"},
				"west": {"uv": [0, 0, 4, 0.8], "texture": "#6"},
				"up": {"uv": [0, 0, 4, 0.8], "texture": "#6"},
				"down": {"uv": [0, 0, 4, 0.8], "texture": "#6"}
			}
		},
		{
			"name": "scope_3",
			"from": [8.4, 5.1, 4],
			"to": [8.5, 5.9, 8],
			"faces": {
				"north": {"uv": [0, 0, 0.1, 0.8], "texture": "#6"},
				"east": {"uv": [0, 0, 0.1, 0.8], "texture": "#6"},
				"south": {"uv": [0, 0, 0.1, 0.8], "texture": "#6"},
				"west": {"uv": [0, 0, 0.1, 0.8], "texture": "#6"},
				"up": {"uv": [0, 0, 0.1, 0.8], "texture": "#6"},
				"down": {"uv": [0, 0, 0.1, 0.8], "texture": "#6"}
			}
		},
		{
			"name": "scope_5",
			"from": [7.6, 5.1, 5],
			"to": [8.4, 5.9, 7],
			"faces": {
				"north": {"uv": [0, 0, 16, 16], "texture": "#5"},
				"east": {"uv": [0, 0, 16, 16], "texture": "#5"},
				"south": {"uv": [0, 0, 16, 16], "texture": "#5"},
				"west": {"uv": [0, 0, 16, 16], "texture": "#5"},
				"up": {"uv": [0, 0, 16, 16], "texture": "#5"},
				"down": {"uv": [0, 0, 16, 16], "texture": "#5"}
			}
		},
		{
			"name": "scope_6",
			"from": [7.95, 5.1, 5.5],
			"to": [8.05, 5.9, 6],
			"faces": {
				"north": {"uv": [0, 0, 0.5, 0.8], "texture": "#4"},
				"east": {"uv": [0, 0, 0.5, 0.8], "texture": "#4"},
				"south": {"uv": [0, 0, 0.5, 0.8], "texture": "#4"},
				"west": {"uv": [0, 0, 0.5, 0.8], "texture": "#4"},
				"up": {"uv": [0, 0, 0.5, 0.8], "texture": "#4"},
				"down": {"uv": [0, 0, 0.5, 0.8], "texture": "#4"}
			}
		},
		{
			"name": "scope_7",
			"from": [7.6, 5.45, 5.5],
			"to": [8.4, 5.55, 6],
			"faces": {
				"north": {"uv": [0, 0, 0.5, 0.8], "texture": "#4"},
				"east": {"uv": [0, 0, 0.5, 0.8], "texture": "#4"},
				"south": {"uv": [0, 0, 0.5, 0.8], "texture": "#4"},
				"west": {"uv": [0, 0, 0.5, 0.8], "texture": "#4"},
				"up": {"uv": [0, 0, 0.5, 0.8], "texture": "#4"},
				"down": {"uv": [0, 0, 0.5, 0.8], "texture": "#4"}
			}
		},
		{
			"name": "string",
			"from": [0.5, 3.5, 2.2],
			"to": [15.5, 3.9, 2.6],
			"faces": {
				"north": {"uv": [5, 2, 5.4, 2.4], "texture": "#3"},
				"east": {"uv": [5, 2, 5.4, 2.4], "texture": "#3"},
				"south": {"uv": [5, 2, 5.4, 2.4], "texture": "#3"},
				"west": {"uv": [5, 2, 5.4, 2.4], "texture": "#3"},
				"up": {"uv": [5, 2, 5.4, 2.4], "texture": "#3"},
				"down": {"uv": [5, 2, 5.4, 2.4], "texture": "#3"}
			}
		}
	],
	"display": {
		"thirdperson_righthand": {
			"translation": [0, 5.5, 0]
		},
		"thirdperson_lefthand": {
			"translation": [0, 5.5, 0]
		},
		"firstperson_righthand": {
			"translation": [9.5, 11.75, 2],
			"scale": [3, 3, 3]
		},
		"firstperson_lefthand": {
			"translation": [9.5, 11.75, 2],
			"scale": [3, 3, 3]
		},
		"ground": {
			"translation": [0, 3.5, 0]
		},
		"gui": {
			"rotation": [90, -40, 0],
			"translation": [-1.5, -1.25, 0]
		},
		"fixed": {
			"rotation": [-90, -180, 0],
			"translation": [0, 0, -12.5],
			"scale": [1.75, 1.75, 1.75]
		}
	},
	"overrides": [
        {
            "predicate": {
                "pulling": 1
            },
            "model": "item/crossbow_pulling_0"
        },
        {
            "predicate": {
                "pulling": 1,
                "pull": 0.58
            },
            "model": "item/crossbow_pulling_1"
        },
        {
            "predicate": {
                "pulling": 1,
                "pull": 1.0
            },
            "model": "item/crossbow_pulling_2"
        },
        {
            "predicate": {
                "charged": 1
            },
            "model": "item/crossbow_arrow"
        },
        {
            "predicate": {
                "charged": 1,
                "firework": 1
            },
            "model": "item/crossbow_firework"
        }
    ],
	"groups": [
		{
			"name": "crossbow",
			"origin": [8, 8, 8],
			"color": 0,
			"children": [
				{
					"name": "bone",
					"origin": [0, 0, 0],
					"color": 0,
					"children": [0, 1, 2, 3, 4, 5, 6, 7, 8, 9, 10, 11, 12, 13, 14, 15, 16, 17, 18, 19, 20, 21, 22, 23, 24, 25, 26, 27, 28, 29, 30, 31]
				}
			]
		}
	]
}