{
	"credit": "Made with Blockbench",
	"texture_size": [32, 32],
	"textures": {
		"0": "Base",
		"particle": "Base"
	},
	"elements": [
		{
			"name": "base",
			"from": [2, 1, 13],
			"to": [3, 3, 14],
			"faces": {
				"north": {"uv": [0, 0, 0.5, 0.5], "texture": "#0"},
				"east": {"uv": [0, 0, 0.5, 0.5], "texture": "#0"},
				"south": {"uv": [0, 0, 0.5, 0.5], "texture": "#0"},
				"west": {"uv": [0, 0, 0.5, 0.5], "texture": "#0"},
				"up": {"uv": [0, 0, 0.5, 0.5], "texture": "#0"},
				"down": {"uv": [0, 0, 0.5, 0.5], "texture": "#0"}
			}
		},
		{
			"name": "base",
			"from": [5, 0, 0],
			"to": [11, 1, 16],
			"faces": {
				"north": {"uv": [0, 0, 3, 0.5], "texture": "#0"},
				"east": {"uv": [0, 0, 3, 0.5], "texture": "#0"},
				"south": {"uv": [0, 0, 3, 0.5], "texture": "#0"},
				"west": {"uv": [0, 0, 3, 0.5], "texture": "#0"},
				"up": {"uv": [0, 0, 3, 0.5], "texture": "#0"},
				"down": {"uv": [0, 0, 3, 0.5], "texture": "#0"}
			}
		},
		{
			"name": "base",
			"from": [0, 0, 5],
			"to": [16, 1, 11],
			"faces": {
				"north": {"uv": [0, 0, 8, 0.5], "texture": "#0"},
				"east": {"uv": [0, 0, 8, 0.5], "texture": "#0"},
				"south": {"uv": [0, 0, 8, 0.5], "texture": "#0"},
				"west": {"uv": [0, 0, 8, 0.5], "texture": "#0"},
				"up": {"uv": [0, 0, 8, 0.5], "texture": "#0"},
				"down": {"uv": [0, 0, 8, 0.5], "texture": "#0"}
			}
		},
		{
			"name": "base",
			"from": [1, 0, 3],
			"to": [15, 1, 13],
			"faces": {
				"north": {"uv": [0, 0, 7, 0.5], "texture": "#0"},
				"east": {"uv": [0, 0, 7, 0.5], "texture": "#0"},
				"south": {"uv": [0, 0, 7, 0.5], "texture": "#0"},
				"west": {"uv": [0, 0, 7, 0.5], "texture": "#0"},
				"up": {"uv": [0, 0, 7, 0.5], "texture": "#0"},
				"down": {"uv": [0, 0, 7, 0.5], "texture": "#0"}
			}
		},
		{
			"name": "base",
			"from": [3, 0, 1],
			"to": [13, 1, 15],
			"faces": {
				"north": {"uv": [0, 0, 5, 0.5], "texture": "#0"},
				"east": {"uv": [0, 0, 5, 0.5], "texture": "#0"},
				"south": {"uv": [0, 0, 5, 0.5], "texture": "#0"},
				"west": {"uv": [0, 0, 5, 0.5], "texture": "#0"},
				"up": {"uv": [0, 0, 5, 0.5], "texture": "#0"},
				"down": {"uv": [0, 0, 5, 0.5], "texture": "#0"}
			}
		},
		{
			"name": "base",
			"from": [3, 0, 1],
			"to": [13, 1, 15],
			"faces": {
				"north": {"uv": [0, 0, 5, 0.5], "texture": "#0"},
				"east": {"uv": [0, 0, 5, 0.5], "texture": "#0"},
				"south": {"uv": [0, 0, 5, 0.5], "texture": "#0"},
				"west": {"uv": [0, 0, 5, 0.5], "texture": "#0"},
				"up": {"uv": [0, 0, 5, 0.5], "texture": "#0"},
				"down": {"uv": [0, 0, 5, 0.5], "texture": "#0"}
			}
		},
		{
			"name": "base",
			"from": [2, 0, 2],
			"to": [14, 1, 14],
			"faces": {
				"north": {"uv": [6, 0, 12, 0.5], "texture": "#0"},
				"east": {"uv": [6, 0, 12, 0.5], "texture": "#0"},
				"south": {"uv": [6, 0, 12, 0.5], "texture": "#0"},
				"west": {"uv": [6, 0, 12, 0.5], "texture": "#0"},
				"up": {"uv": [6, 0, 12, 0.5], "texture": "#0"},
				"down": {"uv": [6, 0, 12, 0.5], "texture": "#0"}
			}
		},
		{
			"name": "base",
			"from": [5, 1, 0],
			"to": [11, 3, 1],
			"faces": {
				"north": {"uv": [0, 0, 0.5, 0.5], "texture": "#0"},
				"east": {"uv": [0, 0, 0.5, 0.5], "texture": "#0"},
				"south": {"uv": [0, 0, 0.5, 0.5], "texture": "#0"},
				"west": {"uv": [0, 0, 0.5, 0.5], "texture": "#0"},
				"up": {"uv": [0, 0, 0.5, 0.5], "texture": "#0"},
				"down": {"uv": [0, 0, 0.5, 0.5], "texture": "#0"}
			}
		},
		{
			"name": "base",
			"from": [15, 1, 5],
			"to": [16, 3, 11],
			"faces": {
				"north": {"uv": [0, 0, 0.5, 0.5], "texture": "#0"},
				"east": {"uv": [0, 0, 0.5, 0.5], "texture": "#0"},
				"south": {"uv": [0, 0, 0.5, 0.5], "texture": "#0"},
				"west": {"uv": [0, 0, 0.5, 0.5], "texture": "#0"},
				"up": {"uv": [0, 0, 0.5, 0.5], "texture": "#0"},
				"down": {"uv": [0, 0, 0.5, 0.5], "texture": "#0"}
			}
		},
		{
			"name": "base",
			"from": [0, 1, 5],
			"to": [1, 3, 11],
			"faces": {
				"north": {"uv": [0, 0, 0.5, 0.5], "texture": "#0"},
				"east": {"uv": [0, 0, 0.5, 0.5], "texture": "#0"},
				"south": {"uv": [0, 0, 0.5, 0.5], "texture": "#0"},
				"west": {"uv": [0, 0, 0.5, 0.5], "texture": "#0"},
				"up": {"uv": [0, 0, 0.5, 0.5], "texture": "#0"},
				"down": {"uv": [0, 0, 0.5, 0.5], "texture": "#0"}
			}
		},
		{
			"name": "base",
			"from": [5, 1, 15],
			"to": [11, 3, 16],
			"faces": {
				"north": {"uv": [0, 0, 0.5, 0.5], "texture": "#0"},
				"east": {"uv": [0, 0, 0.5, 0.5], "texture": "#0"},
				"south": {"uv": [0, 0, 0.5, 0.5], "texture": "#0"},
				"west": {"uv": [0, 0, 0.5, 0.5], "texture": "#0"},
				"up": {"uv": [0, 0, 0.5, 0.5], "texture": "#0"},
				"down": {"uv": [0, 0, 0.5, 0.5], "texture": "#0"}
			}
		},
		{
			"name": "base",
			"from": [11, 1, 1],
			"to": [13, 3, 2],
			"faces": {
				"north": {"uv": [0, 0, 0.5, 0.5], "texture": "#0"},
				"east": {"uv": [0, 0, 0.5, 0.5], "texture": "#0"},
				"south": {"uv": [0, 0, 0.5, 0.5], "texture": "#0"},
				"west": {"uv": [0, 0, 0.5, 0.5], "texture": "#0"},
				"up": {"uv": [0, 0, 0.5, 0.5], "texture": "#0"},
				"down": {"uv": [0, 0, 0.5, 0.5], "texture": "#0"}
			}
		},
		{
			"name": "base",
			"from": [3, 1, 1],
			"to": [5, 3, 2],
			"faces": {
				"north": {"uv": [0, 0, 0.5, 0.5], "texture": "#0"},
				"east": {"uv": [0, 0, 0.5, 0.5], "texture": "#0"},
				"south": {"uv": [0, 0, 0.5, 0.5], "texture": "#0"},
				"west": {"uv": [0, 0, 0.5, 0.5], "texture": "#0"},
				"up": {"uv": [0, 0, 0.5, 0.5], "texture": "#0"},
				"down": {"uv": [0, 0, 0.5, 0.5], "texture": "#0"}
			}
		},
		{
			"name": "base",
			"from": [3, 1, 14],
			"to": [5, 3, 15],
			"faces": {
				"north": {"uv": [0, 0, 0.5, 0.5], "texture": "#0"},
				"east": {"uv": [0, 0, 0.5, 0.5], "texture": "#0"},
				"south": {"uv": [0, 0, 0.5, 0.5], "texture": "#0"},
				"west": {"uv": [0, 0, 0.5, 0.5], "texture": "#0"},
				"up": {"uv": [0, 0, 0.5, 0.5], "texture": "#0"},
				"down": {"uv": [0, 0, 0.5, 0.5], "texture": "#0"}
			}
		},
		{
			"name": "base",
			"from": [11, 1, 14],
			"to": [13, 3, 15],
			"faces": {
				"north": {"uv": [0, 0, 0.5, 0.5], "texture": "#0"},
				"east": {"uv": [0, 0, 0.5, 0.5], "texture": "#0"},
				"south": {"uv": [0, 0, 0.5, 0.5], "texture": "#0"},
				"west": {"uv": [0, 0, 0.5, 0.5], "texture": "#0"},
				"up": {"uv": [0, 0, 0.5, 0.5], "texture": "#0"},
				"down": {"uv": [0, 0, 0.5, 0.5], "texture": "#0"}
			}
		},
		{
			"name": "base",
			"from": [14, 1, 3],
			"to": [15, 3, 5],
			"faces": {
				"north": {"uv": [0, 0, 0.5, 0.5], "texture": "#0"},
				"east": {"uv": [0, 0, 0.5, 0.5], "texture": "#0"},
				"south": {"uv": [0, 0, 0.5, 0.5], "texture": "#0"},
				"west": {"uv": [0, 0, 0.5, 0.5], "texture": "#0"},
				"up": {"uv": [0, 0, 0.5, 0.5], "texture": "#0"},
				"down": {"uv": [0, 0, 0.5, 0.5], "texture": "#0"}
			}
		},
		{
			"name": "base",
			"from": [14, 1, 11],
			"to": [15, 3, 13],
			"faces": {
				"north": {"uv": [0, 0, 0.5, 0.5], "texture": "#0"},
				"east": {"uv": [0, 0, 0.5, 0.5], "texture": "#0"},
				"south": {"uv": [0, 0, 0.5, 0.5], "texture": "#0"},
				"west": {"uv": [0, 0, 0.5, 0.5], "texture": "#0"},
				"up": {"uv": [0, 0, 0.5, 0.5], "texture": "#0"},
				"down": {"uv": [0, 0, 0.5, 0.5], "texture": "#0"}
			}
		},
		{
			"name": "base",
			"from": [1, 1, 3],
			"to": [2, 3, 5],
			"faces": {
				"north": {"uv": [0, 0, 0.5, 0.5], "texture": "#0"},
				"east": {"uv": [0, 0, 0.5, 0.5], "texture": "#0"},
				"south": {"uv": [0, 0, 0.5, 0.5], "texture": "#0"},
				"west": {"uv": [0, 0, 0.5, 0.5], "texture": "#0"},
				"up": {"uv": [0, 0, 0.5, 0.5], "texture": "#0"},
				"down": {"uv": [0, 0, 0.5, 0.5], "texture": "#0"}
			}
		},
		{
			"name": "base",
			"from": [1, 1, 11],
			"to": [2, 3, 13],
			"faces": {
				"north": {"uv": [0, 0, 0.5, 0.5], "texture": "#0"},
				"east": {"uv": [0, 0, 0.5, 0.5], "texture": "#0"},
				"south": {"uv": [0, 0, 0.5, 0.5], "texture": "#0"},
				"west": {"uv": [0, 0, 0.5, 0.5], "texture": "#0"},
				"up": {"uv": [0, 0, 0.5, 0.5], "texture": "#0"},
				"down": {"uv": [0, 0, 0.5, 0.5], "texture": "#0"}
			}
		},
		{
			"name": "base",
			"from": [13, 1, 2],
			"to": [14, 3, 3],
			"faces": {
				"north": {"uv": [0, 0, 0.5, 0.5], "texture": "#0"},
				"east": {"uv": [0, 0, 0.5, 0.5], "texture": "#0"},
				"south": {"uv": [0, 0, 0.5, 0.5], "texture": "#0"},
				"west": {"uv": [0, 0, 0.5, 0.5], "texture": "#0"},
				"up": {"uv": [0, 0, 0.5, 0.5], "texture": "#0"},
				"down": {"uv": [0, 0, 0.5, 0.5], "texture": "#0"}
			}
		},
		{
			"name": "base",
			"from": [13, 1, 13],
			"to": [14, 3, 14],
			"faces": {
				"north": {"uv": [0, 0, 0.5, 0.5], "texture": "#0"},
				"east": {"uv": [0, 0, 0.5, 0.5], "texture": "#0"},
				"south": {"uv": [0, 0, 0.5, 0.5], "texture": "#0"},
				"west": {"uv": [0, 0, 0.5, 0.5], "texture": "#0"},
				"up": {"uv": [0, 0, 0.5, 0.5], "texture": "#0"},
				"down": {"uv": [0, 0, 0.5, 0.5], "texture": "#0"}
			}
		},
		{
			"name": "base",
			"from": [2, 1, 2],
			"to": [3, 3, 3],
			"faces": {
				"north": {"uv": [0, 0, 0.5, 0.5], "texture": "#0"},
				"east": {"uv": [0, 0, 0.5, 0.5], "texture": "#0"},
				"south": {"uv": [0, 0, 0.5, 0.5], "texture": "#0"},
				"west": {"uv": [0, 0, 0.5, 0.5], "texture": "#0"},
				"up": {"uv": [0, 0, 0.5, 0.5], "texture": "#0"},
				"down": {"uv": [0, 0, 0.5, 0.5], "texture": "#0"}
			}
		},
		{
			"name": "cap",
			"from": [5, 3, -1],
			"to": [11, 19, 0],
			"faces": {
				"north": {"uv": [0, 0, 3, 0.5], "texture": "#0"},
				"east": {"uv": [0, 0, 3, 0.5], "texture": "#0"},
				"south": {"uv": [0, 0, 3, 0.5], "texture": "#0"},
				"west": {"uv": [0, 0, 3, 0.5], "texture": "#0"},
				"up": {"uv": [0, 0, 3, 0.5], "texture": "#0"},
				"down": {"uv": [0, 0, 3, 0.5], "texture": "#0"}
			}
		},
		{
			"name": "cap",
			"from": [0, 8, -1],
			"to": [16, 14, 0],
			"faces": {
				"north": {"uv": [0, 0, 3, 0.5], "texture": "#0"},
				"east": {"uv": [0, 0, 3, 0.5], "texture": "#0"},
				"south": {"uv": [0, 0, 3, 0.5], "texture": "#0"},
				"west": {"uv": [0, 0, 3, 0.5], "texture": "#0"},
				"up": {"uv": [0, 0, 3, 0.5], "texture": "#0"},
				"down": {"uv": [0, 0, 3, 0.5], "texture": "#0"}
			}
		},
		{
			"name": "cap",
			"from": [1, 6, -1],
			"to": [15, 16, 0],
			"faces": {
				"north": {"uv": [0, 0, 3, 0.5], "texture": "#0"},
				"east": {"uv": [0, 0, 3, 0.5], "texture": "#0"},
				"south": {"uv": [0, 0, 3, 0.5], "texture": "#0"},
				"west": {"uv": [0, 0, 3, 0.5], "texture": "#0"},
				"up": {"uv": [0, 0, 3, 0.5], "texture": "#0"},
				"down": {"uv": [0, 0, 3, 0.5], "texture": "#0"}
			}
		},
		{
			"name": "cap",
			"from": [3, 4, -1],
			"to": [13, 18, 0],
			"faces": {
				"north": {"uv": [0, 0, 3, 0.5], "texture": "#0"},
				"east": {"uv": [0, 0, 3, 0.5], "texture": "#0"},
				"south": {"uv": [0, 0, 3, 0.5], "texture": "#0"},
				"west": {"uv": [0, 0, 3, 0.5], "texture": "#0"},
				"up": {"uv": [0, 0, 3, 0.5], "texture": "#0"},
				"down": {"uv": [0, 0, 3, 0.5], "texture": "#0"}
			}
		},
		{
			"name": "cap",
			"from": [2, 5, -1],
			"to": [14, 17, 0],
			"faces": {
				"north": {"uv": [0, 0, 3, 0.5], "texture": "#0"},
				"east": {"uv": [0, 0, 3, 0.5], "texture": "#0"},
				"south": {"uv": [0, 0, 3, 0.5], "texture": "#0"},
				"west": {"uv": [0, 0, 3, 0.5], "texture": "#0"},
				"up": {"uv": [0, 0, 3, 0.5], "texture": "#0"},
				"down": {"uv": [0, 0, 3, 0.5], "texture": "#0"}
			}
		},
		{
			"name": "screw",
			"from": [5.3, 2.5, -0.5],
			"to": [10.7, 3.5, 0.5],
			"faces": {
				"north": {"uv": [15, 14, 15.5, 14.5], "texture": "#0"},
				"east": {"uv": [15, 14, 15.5, 14.5], "texture": "#0"},
				"south": {"uv": [15, 14, 15.5, 14.5], "texture": "#0"},
				"west": {"uv": [15, 14, 15.5, 14.5], "texture": "#0"},
				"up": {"uv": [15, 14, 15.5, 14.5], "texture": "#0"},
				"down": {"uv": [15, 14, 15.5, 14.5], "texture": "#0"}
			}
		},
		{
			"name": "base",
			"from": [5, 1, 1],
			"to": [11, 2, 15],
			"faces": {
				"north": {"uv": [8, 15, 8.5, 15.5], "texture": "#0"},
				"east": {"uv": [8, 15, 8.5, 15.5], "texture": "#0"},
				"south": {"uv": [8, 15, 8.5, 15.5], "texture": "#0"},
				"west": {"uv": [8, 15, 8.5, 15.5], "texture": "#0"},
				"up": {"uv": [8, 15, 8.5, 15.5], "texture": "#0"},
				"down": {"uv": [8, 15, 8.5, 15.5], "texture": "#0"}
			}
		},
		{
			"name": "base",
			"from": [1, 1, 5],
			"to": [5, 2, 11],
			"faces": {
				"north": {"uv": [8, 15, 8.5, 15.5], "texture": "#0"},
				"east": {"uv": [8, 15, 8.5, 15.5], "texture": "#0"},
				"south": {"uv": [8, 15, 8.5, 15.5], "texture": "#0"},
				"west": {"uv": [8, 15, 8.5, 15.5], "texture": "#0"},
				"up": {"uv": [8, 15, 8.5, 15.5], "texture": "#0"},
				"down": {"uv": [8, 15, 8.5, 15.5], "texture": "#0"}
			}
		},
		{
			"name": "base",
			"from": [11, 1, 5],
			"to": [15, 2, 11],
			"faces": {
				"north": {"uv": [8, 15, 8.5, 15.5], "texture": "#0"},
				"east": {"uv": [8, 15, 8.5, 15.5], "texture": "#0"},
				"south": {"uv": [8, 15, 8.5, 15.5], "texture": "#0"},
				"west": {"uv": [8, 15, 8.5, 15.5], "texture": "#0"},
				"up": {"uv": [8, 15, 8.5, 15.5], "texture": "#0"},
				"down": {"uv": [8, 15, 8.5, 15.5], "texture": "#0"}
			}
		},
		{
			"name": "base",
			"from": [2, 1, 11],
			"to": [5, 2, 13],
			"faces": {
				"north": {"uv": [8, 15, 8.5, 15.5], "texture": "#0"},
				"east": {"uv": [8, 15, 8.5, 15.5], "texture": "#0"},
				"south": {"uv": [8, 15, 8.5, 15.5], "texture": "#0"},
				"west": {"uv": [8, 15, 8.5, 15.5], "texture": "#0"},
				"up": {"uv": [8, 15, 8.5, 15.5], "texture": "#0"},
				"down": {"uv": [8, 15, 8.5, 15.5], "texture": "#0"}
			}
		},
		{
			"name": "base",
			"from": [2, 1, 3],
			"to": [5, 2, 5],
			"faces": {
				"north": {"uv": [8, 15, 8.5, 15.5], "texture": "#0"},
				"east": {"uv": [8, 15, 8.5, 15.5], "texture": "#0"},
				"south": {"uv": [8, 15, 8.5, 15.5], "texture": "#0"},
				"west": {"uv": [8, 15, 8.5, 15.5], "texture": "#0"},
				"up": {"uv": [8, 15, 8.5, 15.5], "texture": "#0"},
				"down": {"uv": [8, 15, 8.5, 15.5], "texture": "#0"}
			}
		},
		{
			"name": "base",
			"from": [11, 1, 11],
			"to": [14, 2, 13],
			"faces": {
				"north": {"uv": [8, 15, 8.5, 15.5], "texture": "#0"},
				"east": {"uv": [8, 15, 8.5, 15.5], "texture": "#0"},
				"south": {"uv": [8, 15, 8.5, 15.5], "texture": "#0"},
				"west": {"uv": [8, 15, 8.5, 15.5], "texture": "#0"},
				"up": {"uv": [8, 15, 8.5, 15.5], "texture": "#0"},
				"down": {"uv": [8, 15, 8.5, 15.5], "texture": "#0"}
			}
		},
		{
			"name": "base",
			"from": [11, 1, 3],
			"to": [14, 2, 5],
			"faces": {
				"north": {"uv": [8, 15, 8.5, 15.5], "texture": "#0"},
				"east": {"uv": [8, 15, 8.5, 15.5], "texture": "#0"},
				"south": {"uv": [8, 15, 8.5, 15.5], "texture": "#0"},
				"west": {"uv": [8, 15, 8.5, 15.5], "texture": "#0"},
				"up": {"uv": [8, 15, 8.5, 15.5], "texture": "#0"},
				"down": {"uv": [8, 15, 8.5, 15.5], "texture": "#0"}
			}
		},
		{
			"name": "base",
			"from": [3, 1, 13],
			"to": [5, 2, 14],
			"faces": {
				"north": {"uv": [8, 15, 8.5, 15.5], "texture": "#0"},
				"east": {"uv": [8, 15, 8.5, 15.5], "texture": "#0"},
				"south": {"uv": [8, 15, 8.5, 15.5], "texture": "#0"},
				"west": {"uv": [8, 15, 8.5, 15.5], "texture": "#0"},
				"up": {"uv": [8, 15, 8.5, 15.5], "texture": "#0"},
				"down": {"uv": [8, 15, 8.5, 15.5], "texture": "#0"}
			}
		},
		{
			"name": "base",
			"from": [3, 1, 2],
			"to": [5, 2, 3],
			"faces": {
				"north": {"uv": [8, 15, 8.5, 15.5], "texture": "#0"},
				"east": {"uv": [8, 15, 8.5, 15.5], "texture": "#0"},
				"south": {"uv": [8, 15, 8.5, 15.5], "texture": "#0"},
				"west": {"uv": [8, 15, 8.5, 15.5], "texture": "#0"},
				"up": {"uv": [8, 15, 8.5, 15.5], "texture": "#0"},
				"down": {"uv": [8, 15, 8.5, 15.5], "texture": "#0"}
			}
		},
		{
			"name": "base",
			"from": [11, 1, 13],
			"to": [13, 2, 14],
			"faces": {
				"north": {"uv": [8, 15, 8.5, 15.5], "texture": "#0"},
				"east": {"uv": [8, 15, 8.5, 15.5], "texture": "#0"},
				"south": {"uv": [8, 15, 8.5, 15.5], "texture": "#0"},
				"west": {"uv": [8, 15, 8.5, 15.5], "texture": "#0"},
				"up": {"uv": [8, 15, 8.5, 15.5], "texture": "#0"},
				"down": {"uv": [8, 15, 8.5, 15.5], "texture": "#0"}
			}
		},
		{
			"name": "base",
			"from": [11, 1, 2],
			"to": [13, 2, 3],
			"faces": {
				"north": {"uv": [8, 15, 8.5, 15.5], "texture": "#0"},
				"east": {"uv": [8, 15, 8.5, 15.5], "texture": "#0"},
				"south": {"uv": [8, 15, 8.5, 15.5], "texture": "#0"},
				"west": {"uv": [8, 15, 8.5, 15.5], "texture": "#0"},
				"up": {"uv": [8, 15, 8.5, 15.5], "texture": "#0"},
				"down": {"uv": [8, 15, 8.5, 15.5], "texture": "#0"}
			}
		},
		{
			"name": "center",
			"from": [7, 2, 7],
			"to": [9, 3, 9],
			"faces": {
				"north": {"uv": [15, 14, 16, 15], "texture": "#0"},
				"east": {"uv": [15, 14, 16, 15], "texture": "#0"},
				"south": {"uv": [15, 14, 16, 15], "texture": "#0"},
				"west": {"uv": [15, 14, 16, 15], "texture": "#0"},
				"up": {"uv": [15, 14, 16, 15], "texture": "#0"},
				"down": {"uv": [15, 14, 16, 15], "texture": "#0"}
			}
		},
		{
			"name": "arrow",
			"from": [10.5, 2, -1],
			"to": [11.5, 2.5, 4],
			"rotation": {"angle": -22.5, "axis": "y", "origin": [0, 0, 0]},
			"faces": {
				"north": {"uv": [12, 14, 12.5, 16], "texture": "#0"},
				"east": {"uv": [12, 14, 12.5, 16], "texture": "#0"},
				"south": {"uv": [12, 14, 12.5, 16], "texture": "#0"},
				"west": {"uv": [12, 14, 12.5, 16], "texture": "#0"},
				"up": {"uv": [12, 14, 12.5, 16], "rotation": 180, "texture": "#0"},
				"down": {"uv": [12, 14, 12.5, 16], "rotation": 180, "texture": "#0"}
			}
		}
	],
	"display": {
		"thirdperson_righthand": {
			"translation": [0, 2.25, 0],
			"scale": [0.3, 0.3, 0.3]
		},
		"thirdperson_lefthand": {
			"translation": [0, 2.25, 0],
			"scale": [0.3, 0.3, 0.3]
		},
		"firstperson_righthand": {
			"rotation": [11, 0, 0],
			"translation": [0, 6.5, -0.25],
			"scale": [0.7, 0.7, 0.7]
		},
		"firstperson_lefthand": {
			"rotation": [11, 0, 0],
			"translation": [0, 6.5, -0.25],
			"scale": [0.7, 0.7, 0.7]
		},
		"ground": {
			"scale": [0.5, 0.5, 0.5],
			"translation": [0, 2, 0]
		},
		"gui": {
			"rotation": [90, 0, 0],
			"translation": [0, -0.5, 0],
			"scale": [0.9, 0.9, 0.9]
		},
		"fixed": {
			"rotation": [-90, -180, 0],
			"translation": [0, 0, -8]
		}
	},
	"groups": [
		{
			"name": "base",
			"origin": [0, 0, 0],
			"color": 0,
			"children": [0, 1, 2, 3, 4, 5, 6, 7, 8, 9, 10, 11, 12, 13, 14, 15, 16, 17, 18, 19, 20, 21]
		},
		{
			"name": "cap",
			"origin": [8, 8, 8],
			"color": 0,
			"children": [22, 23, 24, 25, 26, 27]
		},
		{
			"name": "compass base",
			"origin": [0, 0, 0],
			"color": 0,
			"children": [28, 29, 30, 31, 32, 33, 34, 35, 36, 37, 38]
		},
		{
			"name": "compass",
			"origin": [8, 8, 8],
			"color": 0,
			"children": [39, 40]
		}
	]
}