{
	"credit": "Made by Kriok yep yep water",
	"textures": {
		"0": "green",
		"particle": "green"
	},
	"elements": [
		{
			"name": "Layer 1",
			"from": [6, 0, 4],
			"to": [10, 2, 12],
			"faces": {
				"north": {"uv": [4, 7, 12, 9], "texture": "#0"},
				"east": {"uv": [4, 7, 12, 9], "texture": "#0"},
				"south": {"uv": [4, 7, 12, 9], "texture": "#0"},
				"west": {"uv": [4, 7, 12, 9], "texture": "#0"},
				"up": {"uv": [4, 7, 12, 9], "texture": "#0"},
				"down": {"uv": [4, 7, 12, 9], "texture": "#0"}
			}
		},
		{
			"name": "layer 1",
			"from": [4, 0, 6],
			"to": [12, 2, 10],
			"faces": {
				"north": {"uv": [4, 7, 12, 9], "texture": "#0"},
				"east": {"uv": [4, 7, 12, 9], "texture": "#0"},
				"south": {"uv": [4, 7, 12, 9], "texture": "#0"},
				"west": {"uv": [4, 7, 12, 9], "texture": "#0"},
				"up": {"uv": [4, 7, 12, 9], "texture": "#0"},
				"down": {"uv": [4, 7, 12, 9], "texture": "#0"}
			}
		},
		{
			"name": "mid 1-2",
			"from": [5, 0, 5],
			"to": [11, 5, 11],
			"faces": {
				"north": {"uv": [9, 4, 15, 9], "texture": "#0"},
				"east": {"uv": [9, 4, 15, 9], "texture": "#0"},
				"south": {"uv": [9, 4, 15, 9], "texture": "#0"},
				"west": {"uv": [9, 4, 15, 9], "texture": "#0"},
				"up": {"uv": [6, 9, 12, 14], "texture": "#0"},
				"down": {"uv": [9, 4, 15, 9], "texture": "#0"}
			}
		},
		{
			"name": "layer 2",
			"from": [4, 2, 7],
			"to": [12, 4, 9],
			"faces": {
				"north": {"uv": [7, 5, 9, 7], "texture": "#0"},
				"east": {"uv": [7, 5, 9, 7], "texture": "#0"},
				"south": {"uv": [7, 5, 9, 7], "texture": "#0"},
				"west": {"uv": [7, 5, 9, 7], "texture": "#0"},
				"up": {"uv": [7, 5, 9, 7], "texture": "#0"},
				"down": {"uv": [7, 5, 9, 7], "texture": "#0"}
			}
		},
		{
			"name": "Layer 2",
			"from": [7, 2, 4],
			"to": [9, 4, 12],
			"faces": {
				"north": {"uv": [7, 5, 9, 7], "texture": "#0"},
				"east": {"uv": [7, 5, 9, 7], "texture": "#0"},
				"south": {"uv": [7, 5, 9, 7], "texture": "#0"},
				"west": {"uv": [7, 5, 9, 7], "texture": "#0"},
				"up": {"uv": [7, 5, 9, 7], "texture": "#0"},
				"down": {"uv": [7, 5, 9, 7], "texture": "#0"}
			}
		},
		{
			"name": "mid 2-3",
			"from": [5.5, 5, 5.5],
			"to": [10.5, 8, 10.5],
			"faces": {
				"north": {"uv": [12, 5, 16, 8], "texture": "#0"},
				"east": {"uv": [12, 5, 16, 8], "texture": "#0"},
				"south": {"uv": [12, 5, 16, 8], "texture": "#0"},
				"west": {"uv": [12, 5, 16, 8], "texture": "#0"},
				"up": {"uv": [9, 9, 13, 12], "texture": "#0"},
				"down": {"uv": [12, 5, 16, 8], "texture": "#0"}
			}
		},
		{
			"name": "layer 3",
			"from": [6.5, 5, 5],
			"to": [9.5, 7, 11],
			"faces": {
				"north": {"uv": [1, 6, 7, 8], "texture": "#0"},
				"east": {"uv": [1, 6, 7, 8], "texture": "#0"},
				"south": {"uv": [1, 6, 7, 8], "texture": "#0"},
				"west": {"uv": [1, 6, 7, 8], "texture": "#0"},
				"up": {"uv": [2, 3, 8, 5], "texture": "#0"},
				"down": {"uv": [1, 6, 7, 8], "texture": "#0"}
			}
		},
		{
			"name": "layer 3",
			"from": [5, 5, 6.5],
			"to": [11, 7, 9.5],
			"faces": {
				"north": {"uv": [1, 6, 7, 8], "texture": "#0"},
				"east": {"uv": [1, 6, 7, 8], "texture": "#0"},
				"south": {"uv": [1, 6, 7, 8], "texture": "#0"},
				"west": {"uv": [1, 6, 7, 8], "texture": "#0"},
				"up": {"uv": [3, 3, 9, 5], "texture": "#0"},
				"down": {"uv": [1, 6, 7, 8], "texture": "#0"}
			}
		},
		{
			"name": "mid 3-4",
			"from": [6, 8, 6],
			"to": [10, 11, 10],
			"faces": {
				"north": {"uv": [1, 6, 5, 9], "texture": "#0"},
				"east": {"uv": [1, 6, 5, 9], "texture": "#0"},
				"south": {"uv": [1, 6, 5, 9], "texture": "#0"},
				"west": {"uv": [1, 6, 5, 9], "texture": "#0"},
				"up": {"uv": [2, 8, 6, 11], "texture": "#0"},
				"down": {"uv": [1, 6, 5, 9], "texture": "#0"}
			}
		},
		{
			"name": "layer 4",
			"from": [5.5, 8, 7],
			"to": [10.5, 10, 9],
			"faces": {
				"north": {"uv": [5, 9, 7, 11], "texture": "#0"},
				"east": {"uv": [5, 9, 7, 11], "texture": "#0"},
				"south": {"uv": [5, 9, 7, 11], "texture": "#0"},
				"west": {"uv": [5, 9, 7, 11], "texture": "#0"},
				"up": {"uv": [5, 9, 7, 11], "texture": "#0"},
				"down": {"uv": [5, 9, 7, 11], "texture": "#0"}
			}
		},
		{
			"name": "layer 4",
			"from": [5.5, 10, 7.5],
			"to": [10.5, 11, 8.5],
			"faces": {
				"north": {"uv": [0, 0, 1, 1], "texture": "#0"},
				"east": {"uv": [0, 0, 1, 1], "texture": "#0"},
				"south": {"uv": [0, 0, 1, 1], "texture": "#0"},
				"west": {"uv": [0, 0, 1, 1], "texture": "#0"},
				"up": {"uv": [0, 0, 1, 1], "texture": "#0"},
				"down": {"uv": [0, 0, 1, 1], "texture": "#0"}
			}
		},
		{
			"name": "layer 4",
			"from": [7, 8, 5.5],
			"to": [9, 10, 10.5],
			"faces": {
				"north": {"uv": [5, 9, 7, 11], "texture": "#0"},
				"east": {"uv": [5, 9, 7, 11], "texture": "#0"},
				"south": {"uv": [5, 9, 7, 11], "texture": "#0"},
				"west": {"uv": [5, 9, 7, 11], "texture": "#0"},
				"up": {"uv": [5, 9, 7, 11], "texture": "#0"},
				"down": {"uv": [5, 9, 7, 11], "texture": "#0"}
			}
		},
		{
			"name": "layer 4",
			"from": [7.5, 10, 5.5],
			"to": [8.5, 11, 10.5],
			"faces": {
				"north": {"uv": [0, 0, 5, 1], "texture": "#0"},
				"east": {"uv": [0, 0, 5, 1], "texture": "#0"},
				"south": {"uv": [0, 0, 5, 1], "texture": "#0"},
				"west": {"uv": [0, 0, 5, 1], "texture": "#0"},
				"up": {"uv": [0, 0, 5, 1], "texture": "#0"},
				"down": {"uv": [0, 0, 5, 1], "texture": "#0"}
			}
		},
		{
			"name": "mid 4-5",
			"from": [6.5, 11, 6.5],
			"to": [9.5, 15, 9.5],
			"faces": {
				"north": {"uv": [0, 5, 3, 9], "texture": "#0"},
				"east": {"uv": [0, 5, 3, 9], "texture": "#0"},
				"south": {"uv": [0, 5, 3, 9], "texture": "#0"},
				"west": {"uv": [0, 5, 3, 9], "texture": "#0"},
				"up": {"uv": [2, 8, 5, 12], "texture": "#0"},
				"down": {"uv": [0, 5, 3, 9], "texture": "#0"}
			}
		},
		{
			"name": "layer 5",
			"from": [6, 11, 7],
			"to": [10, 13, 9],
			"faces": {
				"north": {"uv": [5, 10, 7, 12], "texture": "#0"},
				"east": {"uv": [5, 10, 7, 12], "texture": "#0"},
				"south": {"uv": [5, 10, 7, 12], "texture": "#0"},
				"west": {"uv": [5, 10, 7, 12], "texture": "#0"},
				"up": {"uv": [5, 10, 7, 12], "texture": "#0"},
				"down": {"uv": [5, 10, 7, 12], "texture": "#0"}
			}
		},
		{
			"name": "layer 5",
			"from": [7, 11, 6],
			"to": [9, 13, 10],
			"faces": {
				"north": {"uv": [5, 10, 7, 12], "texture": "#0"},
				"east": {"uv": [5, 10, 7, 12], "texture": "#0"},
				"south": {"uv": [5, 10, 7, 12], "texture": "#0"},
				"west": {"uv": [5, 10, 7, 12], "texture": "#0"},
				"up": {"uv": [5, 10, 7, 12], "texture": "#0"},
				"down": {"uv": [5, 10, 7, 12], "texture": "#0"}
			}
		},
		{
			"name": "layer 5",
			"from": [6, 13, 7.5],
			"to": [10, 14, 8.5],
			"faces": {
				"north": {"uv": [0, 0, 1, 1], "texture": "#0"},
				"east": {"uv": [0, 0, 1, 1], "texture": "#0"},
				"south": {"uv": [0, 0, 1, 1], "texture": "#0"},
				"west": {"uv": [0, 0, 1, 1], "texture": "#0"},
				"up": {"uv": [0, 0, 1, 1], "texture": "#0"},
				"down": {"uv": [0, 0, 1, 1], "texture": "#0"}
			}
		},
		{
			"name": "layer 5",
			"from": [7.5, 13, 6],
			"to": [8.5, 14, 10],
			"faces": {
				"north": {"uv": [0, 0, 4, 1], "texture": "#0"},
				"east": {"uv": [0, 0, 4, 1], "texture": "#0"},
				"south": {"uv": [0, 0, 4, 1], "texture": "#0"},
				"west": {"uv": [0, 0, 4, 1], "texture": "#0"},
				"up": {"uv": [0, 0, 4, 1], "texture": "#0"},
				"down": {"uv": [0, 0, 4, 1], "texture": "#0"}
			}
		},
		{
			"name": "mid 5-6",
			"from": [7, 15, 7],
			"to": [9, 17, 9],
			"faces": {
				"north": {"uv": [2, 6, 4, 8], "texture": "#0"},
				"east": {"uv": [2, 6, 4, 8], "texture": "#0"},
				"south": {"uv": [2, 6, 4, 8], "texture": "#0"},
				"west": {"uv": [2, 6, 4, 8], "texture": "#0"},
				"up": {"uv": [3, 8, 5, 10], "texture": "#0"},
				"down": {"uv": [2, 6, 4, 8], "texture": "#0"}
			}
		},
		{
			"name": "layer 6",
			"from": [6.5, 15, 7.5],
			"to": [9.5, 16, 8.5],
			"faces": {
				"north": {"uv": [6, 8, 7, 9], "texture": "#0"},
				"east": {"uv": [6, 8, 7, 9], "texture": "#0"},
				"south": {"uv": [6, 8, 7, 9], "texture": "#0"},
				"west": {"uv": [6, 8, 7, 9], "texture": "#0"},
				"up": {"uv": [6, 8, 7, 9], "texture": "#0"},
				"down": {"uv": [6, 8, 7, 9], "texture": "#0"}
			}
		},
		{
			"name": "layer 6",
			"from": [7.5, 15, 6.5],
			"to": [8.5, 16, 9.5],
			"faces": {
				"north": {"uv": [6, 8, 7, 9], "texture": "#0"},
				"east": {"uv": [6, 8, 7, 9], "texture": "#0"},
				"south": {"uv": [6, 8, 7, 9], "texture": "#0"},
				"west": {"uv": [6, 8, 7, 9], "texture": "#0"},
				"up": {"uv": [6, 8, 7, 9], "texture": "#0"},
				"down": {"uv": [6, 8, 7, 9], "texture": "#0"}
			}
		},
		{
			"name": "mid 6-7",
			"from": [7.5, 17, 7.5],
			"to": [8.5, 18, 8.5],
			"faces": {
				"north": {"uv": [6, 8, 7, 9], "texture": "#0"},
				"east": {"uv": [6, 8, 7, 9], "texture": "#0"},
				"south": {"uv": [6, 8, 7, 9], "texture": "#0"},
				"west": {"uv": [6, 8, 7, 9], "texture": "#0"},
				"up": {"uv": [6, 8, 7, 9], "texture": "#0"},
				"down": {"uv": [6, 8, 7, 9], "texture": "#0"}
			}
		}
	],
	"display": {
		"thirdperson_righthand": {
			"translation": [0, 3, 0],
			"scale": [0.4, 0.4, 0.4]
		},
		"thirdperson_lefthand": {
			"translation": [0, 3, 0],
			"scale": [0.4, 0.4, 0.4]
		},
		"ground": {
			"translation": [0, 0.75, 0],
			"scale": [0.6, 0.6, 0.6]
		},
		"gui": {
			"translation": [0, -0.75, 0],
			"scale": [1, 0.8, 1]
		},
		"head": {
			"translation": [0, 12.5, 0],
			"scale": [1, 0.8, 1]
		},
		"fixed": {
			"rotation": [-90, 0, 0],
			"translation": [0, 0, -8],
			"scale": [1.2, 1, 1.2]
		}
	}
}