{
	"credit": "Made by Kriok yep yep water",
	"textures": {
		"0": "10",
		"1": "11",
		"2": "12",
		"3": "13",
		"4": "14"
	},
	"elements": [
		{
			"name": "Body",
			"from": [6, 0, 4],
			"to": [10, 10, 12],
			"faces": {
				"north": {"uv": [0, 0, 16, 16], "texture": "#0"},
				"east": {"uv": [0, 0, 16, 16], "texture": "#0"},
				"south": {"uv": [0, 0, 16, 16], "texture": "#0"},
				"west": {"uv": [0, 0, 16, 16], "texture": "#0"},
				"up": {"uv": [0, 0, 16, 16], "texture": "#0"},
				"down": {"uv": [0, 0, 16, 16], "texture": "#0"}
			}
		},
		{
			"name": "Cap",
			"from": [6, 5, 15.5],
			"to": [10, 13, 19.5],
			"rotation": {"angle": -22.5, "axis": "x", "origin": [0, 0, 0]},
			"faces": {
				"north": {"uv": [0, 0, 16, 16], "rotation": 180, "texture": "#0"},
				"east": {"uv": [0, 0, 16, 16], "rotation": 270, "texture": "#0"},
				"south": {"uv": [0, 0, 16, 16], "texture": "#0"},
				"west": {"uv": [0, 0, 16, 16], "rotation": 90, "texture": "#0"},
				"up": {"uv": [0, 0, 16, 16], "rotation": 180, "texture": "#0"},
				"down": {"uv": [0, 0, 16, 16], "texture": "#0"}
			}
		},
		{
			"name": "E",
			"from": [5.9, 15.5, 1],
			"to": [10.1, 16.5, 2],
			"rotation": {"angle": 45, "axis": "x", "origin": [0, 0, 0]},
			"faces": {
				"north": {"uv": [0, 0, 13, 14], "texture": "#1"},
				"east": {"uv": [0, 0, 13, 14], "texture": "#1"},
				"south": {"uv": [0, 0, 13, 14], "texture": "#1"},
				"west": {"uv": [0, 0, 13, 14], "texture": "#1"},
				"up": {"uv": [0, 0, 13, 14], "texture": "#1"},
				"down": {"uv": [0, 0, 13, 14], "texture": "#1"}
			}
		},
		{
			"name": "2",
			"from": [6.5, 10, 6],
			"to": [9.5, 10.5, 10.2],
			"faces": {
				"north": {"uv": [0, 0, 16, 16], "texture": "#1"},
				"east": {"uv": [0, 0, 16, 16], "texture": "#1"},
				"south": {"uv": [0, 0, 16, 16], "texture": "#1"},
				"west": {"uv": [0, 0, 16, 16], "texture": "#1"},
				"up": {"uv": [0, 0, 16, 16], "texture": "#1"},
				"down": {"uv": [0, 0, 16, 16], "texture": "#1"}
			}
		},
		{
			"name": "3",
			"from": [7, 10.5, 7],
			"to": [7.2, 10.8, 10],
			"faces": {
				"north": {"uv": [0, 0, 15, 16], "texture": "#1"},
				"east": {"uv": [0, 0, 15, 16], "texture": "#1"},
				"south": {"uv": [0, 0, 15, 16], "texture": "#1"},
				"west": {"uv": [0, 0, 15, 16], "texture": "#1"},
				"up": {"uv": [0, 0, 15, 16], "texture": "#1"},
				"down": {"uv": [0, 0, 15, 16], "texture": "#1"}
			}
		},
		{
			"name": "4",
			"from": [7, 11.1, 7],
			"to": [7.2, 11.4, 10],
			"faces": {
				"north": {"uv": [0, 0, 15, 16], "texture": "#1"},
				"east": {"uv": [0, 0, 15, 16], "texture": "#1"},
				"south": {"uv": [0, 0, 15, 16], "texture": "#1"},
				"west": {"uv": [0, 0, 15, 16], "texture": "#1"},
				"up": {"uv": [0, 0, 15, 16], "texture": "#1"},
				"down": {"uv": [0, 0, 15, 16], "texture": "#1"}
			}
		},
		{
			"name": "5",
			"from": [7, 11.7, 7],
			"to": [7.2, 12, 10],
			"faces": {
				"north": {"uv": [0, 0, 15, 16], "texture": "#1"},
				"east": {"uv": [0, 0, 15, 16], "texture": "#1"},
				"south": {"uv": [0, 0, 15, 16], "texture": "#1"},
				"west": {"uv": [0, 0, 15, 16], "texture": "#1"},
				"up": {"uv": [0, 0, 15, 16], "texture": "#1"},
				"down": {"uv": [0, 0, 15, 16], "texture": "#1"}
			}
		},
		{
			"name": "6",
			"from": [7, 12.3, 7],
			"to": [7.2, 12.6, 10],
			"faces": {
				"north": {"uv": [0, 0, 15, 16], "texture": "#1"},
				"east": {"uv": [0, 0, 15, 16], "texture": "#1"},
				"south": {"uv": [0, 0, 15, 16], "texture": "#1"},
				"west": {"uv": [0, 0, 15, 16], "texture": "#1"},
				"up": {"uv": [0, 0, 15, 16], "texture": "#1"},
				"down": {"uv": [0, 0, 15, 16], "texture": "#1"}
			}
		},
		{
			"name": "7",
			"from": [8.8, 12.3, 7],
			"to": [9, 12.6, 10],
			"faces": {
				"north": {"uv": [0, 0, 15, 16], "texture": "#1"},
				"east": {"uv": [0, 0, 15, 16], "texture": "#1"},
				"south": {"uv": [0, 0, 15, 16], "texture": "#1"},
				"west": {"uv": [0, 0, 15, 16], "texture": "#1"},
				"up": {"uv": [0, 0, 15, 16], "texture": "#1"},
				"down": {"uv": [0, 0, 15, 16], "texture": "#1"}
			}
		},
		{
			"name": "8",
			"from": [8.8, 11.7, 7],
			"to": [9, 12, 10],
			"faces": {
				"north": {"uv": [0, 0, 15, 16], "texture": "#1"},
				"east": {"uv": [0, 0, 15, 16], "texture": "#1"},
				"south": {"uv": [0, 0, 15, 16], "texture": "#1"},
				"west": {"uv": [0, 0, 15, 16], "texture": "#1"},
				"up": {"uv": [0, 0, 15, 16], "texture": "#1"},
				"down": {"uv": [0, 0, 15, 16], "texture": "#1"}
			}
		},
		{
			"name": "EE",
			"from": [8.8, 11.1, 7],
			"to": [9, 11.4, 10],
			"faces": {
				"north": {"uv": [0, 0, 15, 16], "texture": "#1"},
				"east": {"uv": [0, 0, 15, 16], "texture": "#1"},
				"south": {"uv": [0, 0, 15, 16], "texture": "#1"},
				"west": {"uv": [0, 0, 15, 16], "texture": "#1"},
				"up": {"uv": [0, 0, 15, 16], "texture": "#1"},
				"down": {"uv": [0, 0, 15, 16], "texture": "#1"}
			}
		},
		{
			"name": "9",
			"from": [8.8, 10.5, 7],
			"to": [9, 10.8, 10],
			"faces": {
				"north": {"uv": [0, 0, 15, 16], "texture": "#1"},
				"east": {"uv": [0, 0, 15, 16], "texture": "#1"},
				"south": {"uv": [0, 0, 15, 16], "texture": "#1"},
				"west": {"uv": [0, 0, 15, 16], "texture": "#1"},
				"up": {"uv": [0, 0, 15, 16], "texture": "#1"},
				"down": {"uv": [0, 0, 15, 16], "texture": "#1"}
			}
		},
		{
			"name": "12",
			"from": [7.2, 12.3, 7],
			"to": [8.8, 12.6, 7.2],
			"faces": {
				"north": {"uv": [0, 0, 15, 16], "texture": "#1"},
				"east": {"uv": [0, 0, 15, 16], "texture": "#1"},
				"south": {"uv": [0, 0, 15, 16], "texture": "#1"},
				"west": {"uv": [0, 0, 15, 16], "texture": "#1"},
				"up": {"uv": [0, 0, 15, 16], "rotation": 270, "texture": "#1"},
				"down": {"uv": [0, 0, 15, 16], "rotation": 90, "texture": "#1"}
			}
		},
		{
			"name": "13",
			"from": [7.2, 10.5, 7],
			"to": [8.8, 10.8, 7.2],
			"faces": {
				"north": {"uv": [0, 0, 15, 16], "texture": "#1"},
				"east": {"uv": [0, 0, 15, 16], "texture": "#1"},
				"south": {"uv": [0, 0, 15, 16], "texture": "#1"},
				"west": {"uv": [0, 0, 15, 16], "texture": "#1"},
				"up": {"uv": [0, 0, 15, 16], "rotation": 270, "texture": "#1"},
				"down": {"uv": [0, 0, 15, 16], "rotation": 90, "texture": "#1"}
			}
		},
		{
			"name": "14",
			"from": [7.2, 11.1, 9.8],
			"to": [8.8, 11.4, 10],
			"faces": {
				"north": {"uv": [0, 0, 15, 16], "texture": "#1"},
				"east": {"uv": [0, 0, 15, 16], "texture": "#1"},
				"south": {"uv": [0, 0, 15, 16], "texture": "#1"},
				"west": {"uv": [0, 0, 15, 16], "texture": "#1"},
				"up": {"uv": [0, 0, 15, 16], "texture": "#1"},
				"down": {"uv": [0, 0, 15, 16], "texture": "#1"}
			}
		},
		{
			"name": "15",
			"from": [7.2, 11.7, 9.8],
			"to": [8.8, 12, 10],
			"faces": {
				"north": {"uv": [0, 0, 15, 16], "texture": "#1"},
				"east": {"uv": [0, 0, 15, 16], "texture": "#1"},
				"south": {"uv": [0, 0, 15, 16], "texture": "#1"},
				"west": {"uv": [0, 0, 15, 16], "texture": "#1"},
				"up": {"uv": [0, 0, 15, 16], "texture": "#1"},
				"down": {"uv": [0, 0, 15, 16], "texture": "#1"}
			}
		},
		{
			"name": "16",
			"from": [7.2, 12.3, 9.8],
			"to": [8.8, 12.6, 10],
			"faces": {
				"north": {"uv": [0, 0, 15, 16], "texture": "#1"},
				"east": {"uv": [0, 0, 15, 16], "texture": "#1"},
				"south": {"uv": [0, 0, 15, 16], "texture": "#1"},
				"west": {"uv": [0, 0, 15, 16], "texture": "#1"},
				"up": {"uv": [0, 0, 15, 16], "texture": "#1"},
				"down": {"uv": [0, 0, 15, 16], "texture": "#1"}
			}
		},
		{
			"name": "17",
			"from": [7.2, 10.5, 9.8],
			"to": [8.8, 10.8, 10],
			"faces": {
				"north": {"uv": [0, 0, 15, 16], "texture": "#1"},
				"east": {"uv": [0, 0, 15, 16], "texture": "#1"},
				"south": {"uv": [0, 0, 15, 16], "texture": "#1"},
				"west": {"uv": [0, 0, 15, 16], "texture": "#1"},
				"up": {"uv": [0, 0, 15, 16], "texture": "#1"},
				"down": {"uv": [0, 0, 15, 16], "texture": "#1"}
			}
		},
		{
			"name": "sd",
			"from": [7, 10.8, 9.8],
			"to": [7.6, 11.1, 10],
			"faces": {
				"north": {"uv": [0, 0, 15, 16], "texture": "#1"},
				"east": {"uv": [0, 0, 15, 16], "texture": "#1"},
				"south": {"uv": [0, 0, 15, 16], "texture": "#1"},
				"west": {"uv": [0, 0, 15, 16], "texture": "#1"},
				"up": {"uv": [0, 0, 15, 16], "texture": "#1"},
				"down": {"uv": [0, 0, 15, 16], "texture": "#1"}
			}
		},
		{
			"name": "dsf",
			"from": [7, 11.4, 9.8],
			"to": [7.6, 11.7, 10],
			"faces": {
				"north": {"uv": [0, 0, 15, 16], "texture": "#1"},
				"east": {"uv": [0, 0, 15, 16], "texture": "#1"},
				"south": {"uv": [0, 0, 15, 16], "texture": "#1"},
				"west": {"uv": [0, 0, 15, 16], "texture": "#1"},
				"up": {"uv": [0, 0, 15, 16], "texture": "#1"},
				"down": {"uv": [0, 0, 15, 16], "texture": "#1"}
			}
		},
		{
			"name": "rg",
			"from": [8.4, 12, 9.8],
			"to": [9, 12.3, 10],
			"faces": {
				"north": {"uv": [0, 0, 15, 16], "texture": "#1"},
				"east": {"uv": [0, 0, 15, 16], "texture": "#1"},
				"south": {"uv": [0, 0, 15, 16], "texture": "#1"},
				"west": {"uv": [0, 0, 15, 16], "texture": "#1"},
				"up": {"uv": [0, 0, 15, 16], "texture": "#1"},
				"down": {"uv": [0, 0, 15, 16], "texture": "#1"}
			}
		},
		{
			"name": "erger",
			"from": [8.4, 11.4, 9.8],
			"to": [9, 11.7, 10],
			"faces": {
				"north": {"uv": [0, 0, 15, 16], "texture": "#1"},
				"east": {"uv": [0, 0, 15, 16], "texture": "#1"},
				"south": {"uv": [0, 0, 15, 16], "texture": "#1"},
				"west": {"uv": [0, 0, 15, 16], "texture": "#1"},
				"up": {"uv": [0, 0, 15, 16], "texture": "#1"},
				"down": {"uv": [0, 0, 15, 16], "texture": "#1"}
			}
		},
		{
			"name": "ereh",
			"from": [8.4, 10.8, 9.8],
			"to": [9, 11.1, 10],
			"faces": {
				"north": {"uv": [0, 0, 15, 16], "texture": "#1"},
				"east": {"uv": [0, 0, 15, 16], "texture": "#1"},
				"south": {"uv": [0, 0, 15, 16], "texture": "#1"},
				"west": {"uv": [0, 0, 15, 16], "texture": "#1"},
				"up": {"uv": [0, 0, 15, 16], "texture": "#1"},
				"down": {"uv": [0, 0, 15, 16], "texture": "#1"}
			}
		},
		{
			"name": "hytj",
			"from": [7, 12, 9.8],
			"to": [7.6, 12.3, 10],
			"faces": {
				"north": {"uv": [0, 0, 15, 16], "texture": "#1"},
				"east": {"uv": [0, 0, 15, 16], "texture": "#1"},
				"south": {"uv": [0, 0, 15, 16], "texture": "#1"},
				"west": {"uv": [0, 0, 15, 16], "texture": "#1"},
				"up": {"uv": [0, 0, 15, 16], "texture": "#1"},
				"down": {"uv": [0, 0, 15, 16], "texture": "#1"}
			}
		},
		{
			"name": "ujyk",
			"from": [7, 11.4, 7.6],
			"to": [7.2, 11.7, 8.2],
			"faces": {
				"north": {"uv": [0, 0, 15, 16], "texture": "#1"},
				"east": {"uv": [0, 0, 15, 16], "texture": "#1"},
				"south": {"uv": [0, 0, 15, 16], "texture": "#1"},
				"west": {"uv": [0, 0, 15, 16], "texture": "#1"},
				"up": {"uv": [0, 0, 15, 16], "texture": "#1"},
				"down": {"uv": [0, 0, 15, 16], "texture": "#1"}
			}
		},
		{
			"name": "nbm",
			"from": [7, 12, 7.6],
			"to": [7.2, 12.3, 8.2],
			"faces": {
				"north": {"uv": [0, 0, 15, 16], "texture": "#1"},
				"east": {"uv": [0, 0, 15, 16], "texture": "#1"},
				"south": {"uv": [0, 0, 15, 16], "texture": "#1"},
				"west": {"uv": [0, 0, 15, 16], "texture": "#1"},
				"up": {"uv": [0, 0, 15, 16], "texture": "#1"},
				"down": {"uv": [0, 0, 15, 16], "texture": "#1"}
			}
		},
		{
			"name": "hgff",
			"from": [7, 10.8, 7.6],
			"to": [7.2, 11.1, 8.2],
			"faces": {
				"north": {"uv": [0, 0, 15, 16], "texture": "#1"},
				"east": {"uv": [0, 0, 15, 16], "texture": "#1"},
				"south": {"uv": [0, 0, 15, 16], "texture": "#1"},
				"west": {"uv": [0, 0, 15, 16], "texture": "#1"},
				"up": {"uv": [0, 0, 15, 16], "texture": "#1"},
				"down": {"uv": [0, 0, 15, 16], "texture": "#1"}
			}
		},
		{
			"name": "seer",
			"from": [7, 12, 8.8],
			"to": [7.2, 12.3, 9.4],
			"faces": {
				"north": {"uv": [0, 0, 15, 16], "texture": "#1"},
				"east": {"uv": [0, 0, 15, 16], "texture": "#1"},
				"south": {"uv": [0, 0, 15, 16], "texture": "#1"},
				"west": {"uv": [0, 0, 15, 16], "texture": "#1"},
				"up": {"uv": [0, 0, 15, 16], "texture": "#1"},
				"down": {"uv": [0, 0, 15, 16], "texture": "#1"}
			}
		},
		{
			"name": "trfrt",
			"from": [7, 11.4, 8.8],
			"to": [7.2, 11.7, 9.4],
			"faces": {
				"north": {"uv": [0, 0, 15, 16], "texture": "#1"},
				"east": {"uv": [0, 0, 15, 16], "texture": "#1"},
				"south": {"uv": [0, 0, 15, 16], "texture": "#1"},
				"west": {"uv": [0, 0, 15, 16], "texture": "#1"},
				"up": {"uv": [0, 0, 15, 16], "texture": "#1"},
				"down": {"uv": [0, 0, 15, 16], "texture": "#1"}
			}
		},
		{
			"name": "ttttt",
			"from": [7, 10.8, 8.8],
			"to": [7.2, 11.1, 9.4],
			"faces": {
				"north": {"uv": [0, 0, 15, 16], "texture": "#1"},
				"east": {"uv": [0, 0, 15, 16], "texture": "#1"},
				"south": {"uv": [0, 0, 15, 16], "texture": "#1"},
				"west": {"uv": [0, 0, 15, 16], "texture": "#1"},
				"up": {"uv": [0, 0, 15, 16], "texture": "#1"},
				"down": {"uv": [0, 0, 15, 16], "texture": "#1"}
			}
		},
		{
			"name": "ggg",
			"from": [8.8, 11.4, 8.8],
			"to": [9, 11.7, 9.4],
			"faces": {
				"north": {"uv": [0, 0, 15, 16], "texture": "#1"},
				"east": {"uv": [0, 0, 15, 16], "texture": "#1"},
				"south": {"uv": [0, 0, 15, 16], "texture": "#1"},
				"west": {"uv": [0, 0, 15, 16], "texture": "#1"},
				"up": {"uv": [0, 0, 15, 16], "texture": "#1"},
				"down": {"uv": [0, 0, 15, 16], "texture": "#1"}
			}
		},
		{
			"name": "hh",
			"from": [8.8, 12, 8.8],
			"to": [9, 12.3, 9.4],
			"faces": {
				"north": {"uv": [0, 0, 15, 16], "texture": "#1"},
				"east": {"uv": [0, 0, 15, 16], "texture": "#1"},
				"south": {"uv": [0, 0, 15, 16], "texture": "#1"},
				"west": {"uv": [0, 0, 15, 16], "texture": "#1"},
				"up": {"uv": [0, 0, 15, 16], "texture": "#1"},
				"down": {"uv": [0, 0, 15, 16], "texture": "#1"}
			}
		},
		{
			"name": "uu",
			"from": [8.8, 10.8, 7.6],
			"to": [9, 11.1, 8.2],
			"faces": {
				"north": {"uv": [0, 0, 15, 16], "texture": "#1"},
				"east": {"uv": [0, 0, 15, 16], "texture": "#1"},
				"south": {"uv": [0, 0, 15, 16], "texture": "#1"},
				"west": {"uv": [0, 0, 15, 16], "texture": "#1"},
				"up": {"uv": [0, 0, 15, 16], "texture": "#1"},
				"down": {"uv": [0, 0, 15, 16], "texture": "#1"}
			}
		},
		{
			"name": "kk",
			"from": [8.8, 12, 7.6],
			"to": [9, 12.3, 8.2],
			"faces": {
				"north": {"uv": [0, 0, 15, 16], "texture": "#1"},
				"east": {"uv": [0, 0, 15, 16], "texture": "#1"},
				"south": {"uv": [0, 0, 15, 16], "texture": "#1"},
				"west": {"uv": [0, 0, 15, 16], "texture": "#1"},
				"up": {"uv": [0, 0, 15, 16], "texture": "#1"},
				"down": {"uv": [0, 0, 15, 16], "texture": "#1"}
			}
		},
		{
			"name": "oii",
			"from": [8.8, 11.4, 7.6],
			"to": [9, 11.7, 8.2],
			"faces": {
				"north": {"uv": [0, 0, 15, 16], "texture": "#1"},
				"east": {"uv": [0, 0, 15, 16], "texture": "#1"},
				"south": {"uv": [0, 0, 15, 16], "texture": "#1"},
				"west": {"uv": [0, 0, 15, 16], "texture": "#1"},
				"up": {"uv": [0, 0, 15, 16], "texture": "#1"},
				"down": {"uv": [0, 0, 15, 16], "texture": "#1"}
			}
		},
		{
			"name": "oo",
			"from": [8.8, 10.8, 8.8],
			"to": [9, 11.1, 9.4],
			"faces": {
				"north": {"uv": [0, 0, 15, 16], "texture": "#1"},
				"east": {"uv": [0, 0, 15, 16], "texture": "#1"},
				"south": {"uv": [0, 0, 15, 16], "texture": "#1"},
				"west": {"uv": [0, 0, 15, 16], "texture": "#1"},
				"up": {"uv": [0, 0, 15, 16], "texture": "#1"},
				"down": {"uv": [0, 0, 15, 16], "texture": "#1"}
			}
		},
		{
			"name": "Flint yeeter",
			"from": [7, 10.8, 7],
			"to": [9, 11.1, 7.2],
			"faces": {
				"north": {"uv": [0, 0, 16, 15], "texture": "#1"},
				"east": {"uv": [0, 0, 16, 15], "texture": "#1"},
				"south": {"uv": [0, 0, 16, 15], "texture": "#1"},
				"west": {"uv": [0, 0, 16, 15], "texture": "#1"},
				"up": {"uv": [0, 0, 16, 15], "texture": "#1"},
				"down": {"uv": [0, 0, 16, 15], "texture": "#1"}
			}
		},
		{
			"name": "Flint yeeter2",
			"from": [7, 12, 7],
			"to": [9, 12.3, 7.2],
			"faces": {
				"north": {"uv": [0, 0, 16, 15], "texture": "#1"},
				"east": {"uv": [0, 0, 16, 15], "texture": "#1"},
				"south": {"uv": [0, 0, 16, 15], "texture": "#1"},
				"west": {"uv": [0, 0, 16, 15], "texture": "#1"},
				"up": {"uv": [0, 0, 16, 15], "texture": "#1"},
				"down": {"uv": [0, 0, 16, 15], "texture": "#1"}
			}
		},
		{
			"name": "Flint yeeter4",
			"from": [7, 11, 5.8],
			"to": [7.2, 12.3, 7],
			"faces": {
				"north": {"uv": [0, 0, 16, 15], "texture": "#1"},
				"east": {"uv": [0, 0, 16, 15], "texture": "#1"},
				"south": {"uv": [0, 0, 16, 15], "texture": "#1"},
				"west": {"uv": [0, 0, 16, 15], "texture": "#1"},
				"up": {"uv": [0, 0, 16, 15], "texture": "#1"},
				"down": {"uv": [0, 0, 16, 15], "texture": "#1"}
			}
		},
		{
			"name": "Flint yeeter3",
			"from": [8.8, 11, 5.8],
			"to": [9, 12.3, 7],
			"faces": {
				"north": {"uv": [0, 0, 16, 15], "texture": "#1"},
				"east": {"uv": [0, 0, 16, 15], "texture": "#1"},
				"south": {"uv": [0, 0, 16, 15], "texture": "#1"},
				"west": {"uv": [0, 0, 16, 15], "texture": "#1"},
				"up": {"uv": [0, 0, 16, 15], "texture": "#1"},
				"down": {"uv": [0, 0, 16, 15], "texture": "#1"}
			}
		},
		{
			"name": "Flint",
			"from": [7.3, 11.9, -4.7],
			"to": [8.7, 13.3, -3.3],
			"rotation": {"angle": 45, "axis": "x", "origin": [0, 0, 0]},
			"faces": {
				"north": {"uv": [0, 0, 1, 1], "texture": "#2"},
				"east": {"uv": [0, 0, 1, 1], "texture": "#2"},
				"south": {"uv": [0, 0, 1, 1], "texture": "#2"},
				"west": {"uv": [0, 0, 1, 1], "texture": "#2"},
				"up": {"uv": [0, 0, 1, 1], "texture": "#2"},
				"down": {"uv": [0, 0, 1, 1], "texture": "#2"}
			}
		},
		{
			"name": "Rope for microbondage",
			"from": [7.5, 7, 8],
			"to": [8.5, 12, 9],
			"faces": {
				"north": {"uv": [0, 0, 2, 16], "texture": "#3"},
				"east": {"uv": [0, 0, 2, 16], "texture": "#3"},
				"south": {"uv": [0, 0, 2, 16], "texture": "#3"},
				"west": {"uv": [0, 0, 2, 16], "texture": "#3"},
				"up": {"uv": [0, 0, 2, 16], "texture": "#3"},
				"down": {"uv": [0, 0, 2, 16], "texture": "#3"}
			}
		},
		{
			"name": "Flimey stuff12",
			"from": [6, 11.5, 8.5],
			"to": [10, 15.5, 8.5],
			"faces": {
				"north": {"uv": [0, 0, 16, 16], "texture": "#4"},
				"east": {"uv": [0, 0, 16, 16], "texture": "#4"},
				"south": {"uv": [0, 0, 16, 16], "texture": "#4"},
				"west": {"uv": [0, 0, 16, 16], "texture": "#4"},
				"up": {"uv": [0, 0, 1, 3], "texture": "#4"},
				"down": {"uv": [0, 0, 0, 2], "texture": "#4"}
			}
		},
		{
			"name": "Flimey stuff",
			"from": [8, 11.5, 6.5],
			"to": [8, 15.5, 10.5],
			"faces": {
				"north": {"uv": [0, 0, 16, 16], "texture": "#4"},
				"east": {"uv": [0, 0, 16, 16], "texture": "#4"},
				"south": {"uv": [0, 0, 16, 16], "texture": "#4"},
				"west": {"uv": [0, 0, 16, 16], "texture": "#4"},
				"up": {"uv": [0, 0, 16, 16], "texture": "#4"},
				"down": {"uv": [0, 0, 16, 16], "texture": "#4"}
			}
		}
	],
	"display": {
		"thirdperson_righthand": {
			"rotation": [0, -180, 0],
			"scale": [0.4, 0.4, 0.4]
		},
		"thirdperson_lefthand": {
			"rotation": [0, -180, 0],
			"scale": [0.4, 0.4, 0.4]
		},
		"firstperson_righthand": {
			"rotation": [0, -180, 0],
			"scale": [0.6, 0.6, 0.6]
		},
		"firstperson_lefthand": {
			"rotation": [0, -180, 0],
			"scale": [0.6, 0.6, 0.6]
		},
		"ground": {
			"scale": [0.6, 0.6, 0.6]
		},
		"gui": {
			"rotation": [0, -90, 0],
			"translation": [0, -1, 0],
			"scale": [0.8, 0.8, 0.8]
		},
		"fixed": {
			"rotation": [0, 90, 0],
			"translation": [0, 0, -2.25]
		}
	}
}