{
	"credit": "Made by Kriok yep yep water",
	"textures": {
		"0": "cake/chocolate/cake_bottom",
		"2": "cake/chocolate/cake_side",
		"3": "cake/chocolate/cake_top"
	},
	"elements": [
		{
			"from": [1, 0, 1],
			"to": [15, 8, 15],
			"faces": {
				"north": {"uv": [1, 8, 15, 16], "texture": "#2"},
				"east": {"uv": [1, 8, 15, 16], "texture": "#2"},
				"south": {"uv": [1, 8, 15, 16], "texture": "#2"},
				"west": {"uv": [1, 8, 15, 16], "texture": "#2"},
				"up": {"uv": [1, 1, 15, 15], "texture": "#3"},
				"down": {"uv": [1, 1, 15, 15], "texture": "#0"}
			}
		},
		{
			"from": [4, 8, 4],
			"to": [12, 11, 12],
			"faces": {
				"north": {"uv": [7, 10, 15, 13], "texture": "#2"},
				"east": {"uv": [7, 10, 15, 13], "texture": "#2"},
				"south": {"uv": [7, 10, 15, 13], "texture": "#2"},
				"west": {"uv": [7, 10, 15, 13], "texture": "#2"},
				"up": {"uv": [4, 4, 12, 12], "texture": "#3"},
				"down": {"uv": [4, 4, 12, 12], "texture": "#0"}
			}
		},
		{
			"from": [7.5, 17, 8],
			"to": [8.5, 18, 8],
			"rotation": {"angle": 45, "axis": "y", "origin": [8, 17, 8]},
			"faces": {
				"north": {"uv": [0, 5, 1, 6], "texture": "#candle"},
				"south": {"uv": [0, 5, 1, 6], "texture": "#candle"}
			}
		},
		{
			"from": [7.5, 17, 8],
			"to": [8.5, 18, 8],
			"rotation": {"angle": -45, "axis": "y", "origin": [8, 17, 8]},
			"faces": {
				"north": {"uv": [0, 5, 1, 6], "texture": "#candle"},
				"south": {"uv": [0, 5, 1, 6], "texture": "#candle"}
			}
		},
		{
			"from": [7, 11, 7],
			"to": [9, 17, 9],
			"rotation": {"angle": 0, "axis": "y", "origin": [0, 3, 0]},
			"faces": {
				"north": {"uv": [0, 8, 2, 14], "texture": "#candle"},
				"east": {"uv": [0, 8, 2, 14], "texture": "#candle"},
				"south": {"uv": [0, 8, 2, 14], "texture": "#candle"},
				"west": {"uv": [0, 8, 2, 14], "texture": "#candle"},
				"up": {"uv": [0, 6, 2, 8], "texture": "#candle"},
				"down": {"uv": [0, 14, 2, 16], "texture": "#candle", "cullface": "down"}
			}
		}
	],
	"display": {
		"thirdperson_righthand": {
			"translation": [0, 1.75, 0],
			"scale": [0.6, 0.6, 0.6]
		},
		"thirdperson_lefthand": {
			"translation": [0, 1.75, 0],
			"scale": [0.6, 0.6, 0.6]
		}
	}
}